{
  "Use Non-ASCII Font" : false,
  "Tags" : [

  ],
  "Ansi 12 Color" : {
    "Red Component" : 0.321568638086319,
    "Color Space" : "Calibrated",
    "Blue Component" : 0.9176470637321472,
    "Alpha Component" : 1,
    "Green Component" : 0.5764706134796143
  },
  "Ansi 7 Color" : {
    "Red Component" : 0.8156862854957581,
    "Color Space" : "Calibrated",
    "Blue Component" : 0.8156862854957581,
    "Alpha Component" : 1,
    "Green Component" : 0.8156862854957581
  },
  "Ansi 8 Color" : {
    "Red Component" : 0.3137255012989044,
    "Color Space" : "Calibrated",
    "Blue Component" : 0.3137255012989044,
    "Alpha Component" : 1,
    "Green Component" : 0.3137255012989044
  },
  "Bold Color" : {
    "Red Component" : 0.8156862854957581,
    "Color Space" : "Calibrated",
    "Blue Component" : 0.8156862854957581,
    "Alpha Component" : 1,
    "Green Component" : 0.8156862854957581
  },
  "Ansi 9 Color" : {
    "Red Component" : 0.6745098233222961,
    "Color Space" : "Calibrated",
    "Blue Component" : 0.2588235437870026,
    "Alpha Component" : 1,
    "Green Component" : 0.2549019753932953
  },
  "Ansi 3 Color" : {
    "Red Component" : 0.8980392217636108,
    "Color Space" : "Calibrated",
    "Blue Component" : 0.4039215743541718,
    "Alpha Component" : 1,
    "Green Component" : 0.7098039388656616
  },
  "Ansi 5 Color" : {
    "Red Component" : 0.623338520526886,
    "Color Space" : "Calibrated",
    "Blue Component" : 0.5234466791152954,
    "Alpha Component" : 1,
    "Green Component" : 0.3069779872894287
  },
  "Rows" : 25,
  "Default Bookmark" : "No",
  "Blend" : 0.6240547375801283,
  "Cursor Guide Color" : {
    "Red Component" : 0.6499999761581421,
    "Color Space" : "Calibrated",
    "Blue Component" : 1,
    "Alpha Component" : 0.25,
    "Green Component" : 0.9100000262260437
  },
  "Non-ASCII Anti Aliased" : true,
  "Use Bright Bold" : true,
  "Ansi 10 Color" : {
    "Red Component" : 0.5448763370513916,
    "Color Space" : "Calibrated",
    "Blue Component" : 0.09730510413646698,
    "Alpha Component" : 1,
    "Green Component" : 0.6524667739868164
  },
  "Ambiguous Double Width" : false,
  "Jobs to Ignore" : [
    "rlogin",
    "ssh",
    "slogin",
    "telnet"
  ],
  "Ansi 15 Color" : {
    "Red Component" : 0.9607843160629272,
    "Color Space" : "Calibrated",
    "Blue Component" : 0.9607843160629272,
    "Alpha Component" : 1,
    "Green Component" : 0.9607843160629272
  },
  "Foreground Color" : {
    "Red Component" : 0.8156862854957581,
    "Color Space" : "Calibrated",
    "Blue Component" : 0.8156862854957581,
    "Alpha Component" : 1,
    "Green Component" : 0.8156862854957581
  },
  "Working Directory" : "\/Users\/rkrsn",
  "Bound Hosts" : [

  ],
  "Blinking Cursor" : true,
  "Disable Window Resizing" : true,
  "Sync Title" : false,
  "Prompt Before Closing 2" : false,
  "BM Growl" : true,
  "Command" : "",
  "Description" : "Default",
  "Mouse Reporting" : true,
  "Screen" : -1,
  "Selection Color" : {
    "Red Component" : 0.1882352977991104,
    "Color Space" : "Calibrated",
    "Blue Component" : 0.1882352977991104,
    "Alpha Component" : 1,
    "Green Component" : 0.1882352977991104
  },
  "Columns" : 80,
  "Idle Code" : 0,
  "Ansi 13 Color" : {
    "Red Component" : 0.623338520526886,
    "Color Space" : "Calibrated",
    "Blue Component" : 0.5234466791152954,
    "Alpha Component" : 1,
    "Green Component" : 0.3069779872894287
  },
  "Custom Command" : "No",
  "ASCII Anti Aliased" : true,
  "Non Ascii Font" : "Monaco 12",
  "Vertical Spacing" : 1,
  "Use Bold Font" : true,
  "Option Key Sends" : 0,
  "Selected Text Color" : {
    "Red Component" : 0.8156862854957581,
    "Color Space" : "Calibrated",
    "Blue Component" : 0.8156862854957581,
    "Alpha Component" : 1,
    "Green Component" : 0.8156862854957581
  },
  "Background Color" : {
    "Red Component" : 0.1113699674606323,
    "Color Space" : "Calibrated",
    "Blue Component" : 0.138754591345787,
    "Alpha Component" : 1,
    "Green Component" : 0.1227982491254807
  },
  "Character Encoding" : 4,
  "Ansi 11 Color" : {
    "Red Component" : 0.8274509906768799,
    "Color Space" : "Calibrated",
    "Blue Component" : 0.3294117748737335,
    "Alpha Component" : 1,
    "Green Component" : 0.7411764860153198
  },
  "Thin Strokes" : 2,
  "Use Italic Font" : true,
  "Unlimited Scrollback" : false,
  "Keyboard Map" : {
    "0xf702-0x280000" : {
      "Text" : "b",
      "Action" : 10
    },
    "0xf70d-0x20000" : {
      "Text" : "[21;2~",
      "Action" : 10
    },
    "0x7f-0x80000" : {
      "Text" : "0x1b 0x7f",
      "Action" : 11
    },
    "0xf708-0x20000" : {
      "Text" : "[15;2~",
      "Action" : 10
    },
    "0x33-0x40000" : {
      "Text" : "0x1b",
      "Action" : 11
    },
    "0xf703-0x260000" : {
      "Text" : "[1;6C",
      "Action" : 10
    },
    "0xf729-0x20000" : {
      "Text" : "[1;2H",
      "Action" : 10
    },
    "0xf702-0x260000" : {
      "Text" : "[1;6D",
      "Action" : 10
    },
    "0x38-0x40000" : {
      "Text" : "0x7f",
      "Action" : 11
    },
    "0xf72b-0x40000" : {
      "Text" : "[1;5F",
      "Action" : 10
    },
    "0xf70c-0x20000" : {
      "Text" : "[20;2~",
      "Action" : 10
    },
    "0xf701-0x260000" : {
      "Text" : "[1;6B",
      "Action" : 10
    },
    "0x32-0x40000" : {
      "Text" : "0x00",
      "Action" : 11
    },
    "0xf707-0x20000" : {
      "Text" : "[1;2S",
      "Action" : 10
    },
    "0xf703-0x240000" : {
      "Text" : "[1;5C",
      "Action" : 10
    },
    "0xf700-0x260000" : {
      "Text" : "[1;6A",
      "Action" : 10
    },
    "0xf702-0x240000" : {
      "Text" : "[1;5D",
      "Action" : 10
    },
    "0x37-0x40000" : {
      "Text" : "0x1f",
      "Action" : 11
    },
    "0x3-0x200000" : {
      "Text" : "0xd",
      "Action" : 11
    },
    "0xf701-0x240000" : {
      "Text" : "[1;5B",
      "Action" : 10
    },
    "0xf70b-0x20000" : {
      "Text" : "[19;2~",
      "Action" : 10
    },
    "0xf703-0x220000" : {
      "Text" : "[1;2C",
      "Action" : 10
    },
    "0xf739-0x0" : {
      "Text" : "",
      "Action" : 13
    },
    "0xf728-0x0" : {
      "Text" : "0x4",
      "Action" : 11
    },
    "0xf706-0x20000" : {
      "Text" : "[1;2R",
      "Action" : 10
    },
    "0xf700-0x240000" : {
      "Text" : "[1;5A",
      "Action" : 10
    },
    "0xf702-0x220000" : {
      "Text" : "[1;2D",
      "Action" : 10
    },
    "0x36-0x40000" : {
      "Text" : "0x1e",
      "Action" : 11
    },
    "0xf70f-0x20000" : {
      "Text" : "[24;2~",
      "Action" : 10
    },
    "0xf701-0x220000" : {
      "Text" : "[1;2B",
      "Action" : 10
    },
    "0xf70a-0x20000" : {
      "Text" : "[18;2~",
      "Action" : 10
    },
    "0xf729-0x40000" : {
      "Text" : "[1;5H",
      "Action" : 10
    },
    "0xf72b-0x20000" : {
      "Text" : "[1;2F",
      "Action" : 10
    },
    "0xf700-0x220000" : {
      "Text" : "[1;2A",
      "Action" : 10
    },
    "0x30-0x200000" : {
      "Text" : "0",
      "Action" : 12
    },
    "0xf705-0x20000" : {
      "Text" : "[1;2Q",
      "Action" : 10
    },
    "0x31-0x200000" : {
      "Text" : "1",
      "Action" : 12
    },
    "0x33-0x200000" : {
      "Text" : "3",
      "Action" : 12
    },
    "0x35-0x40000" : {
      "Text" : "0x1d",
      "Action" : 11
    },
    "0x34-0x200000" : {
      "Text" : "4",
      "Action" : 12
    },
    "0x32-0x200000" : {
      "Text" : "2",
      "Action" : 12
    },
    "0x35-0x200000" : {
      "Text" : "5",
      "Action" : 12
    },
    "0x36-0x200000" : {
      "Text" : "6",
      "Action" : 12
    },
    "0x37-0x200000" : {
      "Text" : "7",
      "Action" : 12
    },
    "0x2d-0x40000" : {
      "Text" : "0x1f",
      "Action" : 11
    },
    "0x38-0x200000" : {
      "Text" : "8",
      "Action" : 12
    },
    "0x2a-0x200000" : {
      "Text" : "*",
      "Action" : 12
    },
    "0x39-0x200000" : {
      "Text" : "9",
      "Action" : 12
    },